USE QLCC

--Dữ liệu cư dân đại diện
INSERT INTO CuDanDaiDien (ID_CuDan, HoTen, NgaySinh, GioiTinh, SoDienThoai, Email, TinhTrang) VALUES 
('CD001', N'Nguyễn Văn An', '1990-01-15', N'Nam', N'0912345678', 'an.nguyen@gmail.com', N'Đang cư trú'),
('CD002', N'Trần Thị Hoa', '1992-05-10', N'Nữ', N'0934567890', 'hoa.tran@gmail.com', N'Đang cư trú'),
('CD003', N'Lê Văn Bình', '1988-03-20', N'Nam', N'0978901234', 'binh.le@gmail.com', N'Vô hiệu hóa'),
('CD004', N'Phạm Thị Hương', '1995-09-25', N'Nữ', N'0987654321', 'huong.pham@gmail.com', N'Đang cư trú'),
('CD005', N'Vũ Văn Hải', '1993-11-13', N'Nam', N'0943210987', 'hai.vu@gmail.com', N'Đang cư trú'),
('CD006', N'Hoàng Thị Lan', '1991-06-18', N'Nữ', N'0965432109', 'lan.hoang@gmail.com', N'Vô hiệu hóa'),
('CD007', N'Lê Minh Tuấn', '1989-08-24', N'Nam', N'0923456789', 'tuan.le@gmail.com', N'Đang cư trú'),
('CD008', N'Trương Thị Nga', '1994-12-30', N'Nữ', N'0936789123', 'nga.truong@gmail.com', N'Vô hiệu hóa'),
('CD009', N'Nguyễn Văn Sơn', '1992-07-15', N'Nam', N'0981234567', 'son.nguyen@gmail.com', N'Đang cư trú'),
('CD010', N'Lê Thị Thu', '1996-10-22', N'Nữ', N'0976543210', 'thu.le@gmail.com', N'Vô hiệu hóa'),
('CD011', N'Phạm Văn Toàn', '1990-04-05', N'Nam', N'0919876543', 'toan.pham@gmail.com', N'Đang cư trú'),
('CD012', N'Nguyễn Thị Liên', '1993-02-16', N'Nữ', N'0945678901', 'lien.nguyen@gmail.com', N'Đang cư trú'),
('CD013', N'Lê Văn Quý', '1987-09-19', N'Nam', N'0967890123', 'quy.le@gmail.com', N'Vô hiệu hóa'),
('CD014', N'Trần Thị Tâm', '1991-03-12', N'Nữ', N'0983210987', 'tam.tran@gmail.com', N'Đang cư trú'),
('CD015', N'Vũ Văn Thắng', '1995-07-08', N'Nam', N'0929876543', 'thang.vu@gmail.com', N'Đang cư trú'),
('CD016', N'Nguyễn Thị Hiền', '1994-05-20', N'Nữ', N'0932109876', 'hien.nguyen@gmail.com', N'Vô hiệu hóa'),
('CD017', N'Phạm Văn Dũng', '1992-11-25', N'Nam', N'0978901235', 'dung.pham@gmail.com', N'Đang cư trú'),
('CD018', N'Lê Thị Mai', '1990-02-18', N'Nữ', N'0912345679', 'mai.le@gmail.com', N'Đang cư trú'),
('CD019', N'Hoàng Văn Long', '1993-06-10', N'Nam', N'0945678902', 'long.hoang@gmail.com', N'Vô hiệu hóa'),
('CD020', N'Trần Thị Minh', '1995-09-14', N'Nữ', N'0987654322', 'minh.tran@gmail.com', N'Đang cư trú'),
('CD021', N'Nguyễn Văn Khánh', '1990-07-12', N'Nam', N'0912345670', 'khanh.nguyen@gmail.com', N'Đang cư trú'),
('CD022', N'Trần Thị Lý', '1993-09-19', N'Nữ', N'0945678902', 'ly.tran@gmail.com', N'Đang cư trú'),
('CD023', N'Lê Văn Tuấn', '1987-02-11', N'Nam', N'0987654312', 'tuan.le@gmail.com', N'Vô hiệu hóa'),
('CD024', N'Phạm Văn Cường', '1992-08-09', N'Nam', N'0978901235', 'cuong.pham@gmail.com', N'Đang cư trú'),
('CD025', N'Vũ Thị Tuyết', '1996-11-21', N'Nữ', N'0934567891', 'tuyet.vu@gmail.com', N'Đang cư trú'),
('CD026', N'Hoàng Văn Phúc', '1994-03-15', N'Nam', N'0956789013', 'phuc.hoang@gmail.com', N'Vô hiệu hóa'),
('CD027', N'Lê Thị Nguyệt', '1988-06-18', N'Nữ', N'0923456788', 'nguyet.le@gmail.com', N'Đang cư trú'),
('CD028', N'Trương Văn Lợi', '1995-12-23', N'Nam', N'0919876542', 'loi.truong@gmail.com', N'Đang cư trú'),
('CD029', N'Nguyễn Thị Hồng', '1991-01-14', N'Nữ', N'0943210986', 'hong.nguyen@gmail.com', N'Vô hiệu hóa'),
('CD030', N'Lê Văn Thành', '1993-05-29', N'Nam', N'0989012344', 'thanh.le@gmail.com', N'Đang cư trú'),
('CD031', N'Phạm Minh Huy', '1990-02-28', N'Nam', N'0967890124', 'huy.pham@gmail.com', N'Đang cư trú'),
('CD032', N'Trần Thị Minh', '1997-10-02', N'Nữ', N'0978901233', 'minh.tran@gmail.com', N'Vô hiệu hóa'),
('CD033', N'Lê Văn Nam', '1992-04-12', N'Nam', N'0954321097', 'nam.le@gmail.com', N'Đang cư trú'),
('CD034', N'Nguyễn Thị Thanh', '1996-08-19', N'Nữ', N'0987654300', 'thanh.nguyen@gmail.com', N'Đang cư trú'),
('CD035', N'Trần Văn Quang', '1995-07-24', N'Nam', N'0932109875', 'quang.tran@gmail.com', N'Vô hiệu hóa'),
('CD036', N'Lê Thị Hạnh', '1993-09-15', N'Nữ', N'0928765431', 'hanh.le@gmail.com', N'Đang cư trú'),
('CD037', N'Nguyễn Văn Nghĩa', '1987-01-16', N'Nam', N'0913456787', 'nghia.nguyen@gmail.com', N'Đang cư trú'),
('CD038', N'Trần Thị Oanh', '1994-11-07', N'Nữ', N'0936789122', 'oanh.tran@gmail.com', N'Vô hiệu hóa'),
('CD039', N'Vũ Văn Long', '1992-05-13', N'Nam', N'0945678900', 'long.vu@gmail.com', N'Đang cư trú'),
('CD040', N'Phạm Thị Huệ', '1991-09-22', N'Nữ', N'0919876541', 'hue.pham@gmail.com', N'Vô hiệu hóa'),
('CD041', N'Lê Văn Tùng', '1990-06-30', N'Nam', N'0987654323', 'tung.le@gmail.com', N'Đang cư trú'),
('CD042', N'Trương Thị Bích', '1995-02-25', N'Nữ', N'0934567893', 'bich.truong@gmail.com', N'Đang cư trú'),
('CD043', N'Nguyễn Văn Kiên', '1989-12-03', N'Nam', N'0956789015', 'kien.nguyen@gmail.com', N'Vô hiệu hóa'),
('CD044', N'Lê Thị Phương', '1997-03-29', N'Nữ', N'0921234568', 'phuong.le@gmail.com', N'Đang cư trú'),
('CD045', N'Trần Văn Cảnh', '1993-10-11', N'Nam', N'0965432108', 'canh.tran@gmail.com', N'Vô hiệu hóa'),
('CD046', N'Nguyễn Thị Hòa', '1992-09-01', N'Nữ', N'0976543211', 'hoa.nguyen@gmail.com', N'Đang cư trú'),
('CD047', N'Lê Văn Duy', '1988-11-14', N'Nam', N'0943210985', 'duy.le@gmail.com', N'Vô hiệu hóa'),
('CD048', N'Trương Thị Thu', '1994-07-12', N'Nữ', N'0989012343', 'thu.truong@gmail.com', N'Đang cư trú'),
('CD049', N'Vũ Văn Bảo', '1991-05-06', N'Nam', N'0919876544', 'bao.vu@gmail.com', N'Đang cư trú'),
('CD050', N'Lê Thị Tuyền', '1993-06-30', N'Nữ', N'0936789120', 'tuyen.le@gmail.com', N'Vô hiệu hóa')

--Dữ liệu Ban quản lý
INSERT INTO BanQuanLy (ID_BanQuanLy, HoTen, NgaySinh, GioiTinh, VaiTro, SoDienThoai, Email) VALUES 
('BQL001', N'Nguyễn Văn An', '1993-11-13', N'Nam', N'Quản trị viên', '0987654321', 'an.nguyen@chungcu.vn'),
('BQL002', N'Trần Thị Hoa', '1991-06-18', N'Nữ', N'Quản trị viên', '0934567890', 'hoa.tran@chungcu.vn'),
('BQL003', N'Lê Văn Hùng', '1989-08-24', N'Nam', N'Quản trị viên', '0912345678', 'hung.le@chungcu.vn'),
('BQL004', N'Phạm Thị Lan', '1994-12-30', N'Nữ', N'Quản trị viên', '0945678901', 'lan.pham@chungcu.vn'),
('BQL005', N'Hoàng Đức Minh', '1992-07-15', N'Nam', N'Quản trị viên', '0923456789', 'minh.hoang@chungcu.vn'),
('BQL006', N'Vũ Thị Ngọc', '1996-10-22', N'Nữ', N'Quản trị viên', '0978901234', 'ngoc.vu@chungcu.vn'),
('BQL007', N'Nguyễn Văn Thắng', '1990-04-05', N'Nam', N'Quản trị viên', '0908765432', 'thang.nguyen@chungcu.vn'),
('BQL008', N'Lê Thị Tuyết', '1993-02-16', N'Nữ', N'Thu ngân', '0965432109', 'tuyet.le@chungcu.vn'),
('BQL009', N'Đặng Minh Trí', '1987-09-19', N'Nam', N'Thu ngân', '0932109876', 'tri.dang@chungcu.vn'),
('BQL010', N'Phạm Quốc Bảo', '1991-03-12', N'Nam', N'Thu ngân', '0910987654', 'bao.pham@chungcu.vn'),
('BQL011', N'Nguyễn Thị Mai', '1995-07-08', N'Nữ', N'Thu ngân', '0901234567', 'mai.nguyen@chungcu.vn'),
('BQL012', N'Trần Văn Tùng', '1994-05-20', N'Nam', N'Thu ngân', '0989012345', 'tung.tran@chungcu.vn'),
('BQL013', N'Lê Thu Trang', '1992-11-25', N'Nữ', N'Thu ngân', '0943210987', 'trang.le@chungcu.vn'),
('BQL014', N'Hoàng Văn Nam', '1990-02-18', N'Nam', N'Nhân viên hành chính', '0921345678', 'nam.hoang@chungcu.vn'),
('BQL015', N'Vũ Ngọc Anh', '1993-06-10', N'Nữ', N'Nhân viên hành chính', '0954321098', 'anh.vu@chungcu.vn'),
('BQL016', N'Phạm Huy Hoàng', '1995-09-14', N'Nam', N'Nhân viên hành chính', '0912456789', 'hoang.pham@chungcu.vn'),
('BQL017', N'Nguyễn Thị Thanh', '1990-07-12', N'Nữ', N'Nhân viên hành chính', '0938765432', 'thanh.nguyen@chungcu.vn'),
('BQL018', N'Trần Đức Phú', '1993-09-19', N'Nam', N'Nhân viên hành chính', '0976543210', 'phu.tran@chungcu.vn'),
('BQL019', N'Lê Văn Sơn', '1987-02-11', N'Nam', N'Nhân viên hành chính', '0945671234', 'son.le@chungcu.vn'),
('BQL020', N'Vũ Thị Hương', '1992-08-09', N'Nữ', N'Nhân viên hành chính', '0987652341', 'huong.vu@chungcu.vn');

--Dữ liệu Căn hộ
INSERT INTO CanHo (ID_CanHo, SoCanHo, Tang, LoaiCanHo, DienTich, Gia, TinhTrang) VALUES 
('CH001', '1', 1, N'Studio', 30, 3000000, N'Còn trống'),
('CH002', '2', 1, N'1PN', 45, 5000000, N'Đã thuê'),
('CH003', '3', 1, N'2PN', 70, 8000000, N'Đã bán'),
('CH004', '4', 1, N'3PN', 90, 12000000, N'Còn trống'),
('CH005', '5', 2, N'Penthouse', 150, 24000000, N'Đã bán'),
('CH006', '6', 2, N'Studio', 28, 2800000, N'Đã thuê'),
('CH007', '7', 2, N'1PN', 50, 5400000, N'Còn trống'),
('CH008', '8', 2, N'2PN', 75, 8400000, N'Đã thuê'),
('CH009', '9', 3, N'3PN', 95, 12600000, N'Đã bán'),
('CH010', '10', 3, N'Penthouse', 160, 25000000, N'Còn trống'),
('CH011', '11', 3, N'Studio', 32, 3200000, N'Đã thuê'),
('CH012', '12', 3, N'1PN', 47, 5200000, N'Còn trống'),
('CH013', '13', 4, N'2PN', 72, 8200000, N'Đã thuê'),
('CH014', '14', 4, N'3PN', 85, 11800000, N'Còn trống'),
('CH015', '15', 4, N'Penthouse', 140, 22000000, N'Đã bán'),
('CH016', '16', 4, N'Studio', 31, 3100000, N'Đã thuê'),
('CH017', '17', 4, N'1PN', 48, 5300000, N'Còn trống'),
('CH018', '18', 5, N'2PN', 73, 8300000, N'Đã bán'),
('CH019', '19', 5, N'3PN', 92, 12400000, N'Đã thuê'),
('CH020', '20', 5, N'Penthouse', 155, 24400000, N'Đã bán'),
('CH021', '21', 5, N'Studio', 33, 3300000, N'Còn trống'),
('CH022', '22', 5, N'1PN', 46, 5100000, N'Đã thuê'),
('CH023', '23', 6, N'2PN', 68, 7800000, N'Còn trống'),
('CH024', '24', 6, N'3PN', 87, 11900000, N'Đã bán'),
('CH025', '25', 6, N'Penthouse', 145, 23000000, N'Đã thuê'),
('CH026', '26', 6, N'Studio', 29, 2900000, N'Còn trống'),
('CH027', '27', 6, N'1PN', 49, 5500000, N'Đã thuê'),
('CH028', '28', 7, N'2PN', 71, 8100000, N'Đã bán'),
('CH029', '29', 7, N'3PN', 88, 12200000, N'Còn trống'),
('CH030', '30', 7, N'Penthouse', 165, 25600000, N'Đã bán'),
('CH031', '31', 7, N'Studio', 34, 3400000, N'Đã thuê'),
('CH032', '32', 8, N'1PN', 52, 5600000, N'Còn trống'),
('CH033', '33', 8, N'2PN', 80, 9000000, N'Đã bán'),
('CH034', '34', 8, N'3PN', 96, 13000000, N'Đã thuê'),
('CH035', '35', 8, N'Penthouse', 170, 26000000, N'Còn trống'),
('CH036', '36', 8, N'Studio', 27, 2700000, N'Đã bán'),
('CH037', '37', 9, N'1PN', 55, 5800000, N'Đã thuê'),
('CH038', '38', 9, N'2PN', 78, 8800000, N'Còn trống'),
('CH039', '39', 9, N'3PN', 89, 12000000, N'Đã bán'),
('CH040', '40', 9, N'Penthouse', 175, 27000000, N'Còn trống'),
('CH041', '41', 10, N'Studio', 26, 2600000, N'Đã thuê'),
('CH042', '42', 10, N'1PN', 53, 5700000, N'Đã bán'),
('CH043', '43', 10, N'2PN', 76, 8600000, N'Còn trống'),
('CH044', '44', 10, N'3PN', 91, 12400000, N'Đã thuê'),
('CH045', '45', 11, N'Penthouse', 168, 25000000, N'Đã bán'),
('CH046', '46', 11, N'Studio', 29, 2900000, N'Còn trống'),
('CH047', '47', 11, N'1PN', 51, 5400000, N'Đã thuê'),
('CH048', '48', 11, N'2PN', 74, 8400000, N'Đã bán'),
('CH049', '49', 11, N'3PN', 86, 11600000, N'Đã thuê')

--Dữ liệu Tài khoản
INSERT INTO TaiKhoanCanHo (ID_TaiKhoan, ID_CanHo, TenDangNhap, Matkhau) VALUES 
('TK001', 'CH001', 'user.ch001', 'AhiuEm@2024'),
('TK002', 'CH002', 'user.ch002', 'P@ssW0rd_321'),
('TK003', 'CH003', 'user.ch003', 'SeCurE!9876'),
('TK004', 'CH004', 'user.ch004', 'Lan$2024'),
('TK005', 'CH005', 'user.ch005', 'Hoang!1234'),
('TK006', 'CH006', 'user.ch006', 'Vu_98@76'),
('TK007', 'CH007', 'user.ch007', 'Th@ng_123'),
('TK008', 'CH008', 'user.ch008', 'Tuyet$456'),
('TK009', 'CH009', 'user.ch009', 'Dang_789@'),
('TK010', 'CH010', 'user.ch010', 'Pham@1234'),
('TK011', 'CH011', 'user.ch011', 'SeCuRe#654'),
('TK012', 'CH012', 'user.ch012', 'Tung@9876'),
('TK013', 'CH013', 'user.ch013', 'ThiraLa@654'),
('TK014', 'CH014', 'user.ch014', 'Hoang_98$7'),
('TK015', 'CH015', 'user.ch015', 'Vu$789#456'),
('TK016', 'CH016', 'user.ch016', 'Ph@M_987'),
('TK017', 'CH017', 'user.ch017', 'Thanh$2345'),
('TK018', 'CH018', 'user.ch018', 'Phu@5678'),
('TK019', 'CH019', 'user.ch019', 'Le_123$45'),
('TK020', 'CH020', 'user.ch020', 'Vu$456@789'),
('TK021', 'CH021', 'user.ch021', 'Bich!7890'),
('TK022', 'CH022', 'user.ch022', 'Hieu@1234'),
('TK023', 'CH023', 'user.ch023', 'Dung#4567'),
('TK024', 'CH024', 'user.ch024', 'Tuan_789@'),
('TK025', 'CH025', 'user.ch025', 'Lan$654#321'),
('TK026', 'CH026', 'user.ch026', 'Kim!2345'),
('TK027', 'CH027', 'user.ch027', 'Chau_345$'),
('TK028', 'CH028', 'user.ch028', 'Phuong#4567'),
('TK029', 'CH029', 'user.ch029', 'Kim!1234'),
('TK030', 'CH030', 'user.ch030', 'Nhu@9876'),
('TK031', 'CH031', 'user.ch031', 'Nhung#6543'),
('TK032', 'CH032', 'user.ch032', 'Duy@321$'),
('TK033', 'CH033', 'user.ch033', 'Lan_987@'),
('TK034', 'CH034', 'user.ch034', 'Long$1234'),
('TK035', 'CH035', 'user.ch035', 'Tuan#4567'),
('TK036', 'CH036', 'user.ch036', 'Thuy_789@'),
('TK037', 'CH037', 'user.ch037', 'Khoi@1234'),
('TK038', 'CH038', 'user.ch038', 'Hai!9876'),
('TK039', 'CH039', 'user.ch039', 'Son#6543'),
('TK040', 'CH040', 'user.ch040', 'Ngoc_123$'),
('TK041', 'CH041', 'user.ch041', 'Thanh@4567'),
('TK042', 'CH042', 'user.ch042', 'Hang$7890'),
('TK043', 'CH043', 'user.ch043', 'Thinh#321$'),
('TK044', 'CH044', 'user.ch044', 'Huy@6543'),
('TK045', 'CH045', 'user.ch045', 'Hoai_123$'),
('TK046', 'CH046', 'user.ch046', 'Huong@4567'),
('TK047', 'CH047', 'user.ch047', 'Hoang_789$'),
('TK048', 'CH048', 'user.ch048', 'Khai#9876'),
('TK049', 'CH049', 'user.ch049', 'Quyen_123$');

--Dữ liệu lịch sử căn hộ
INSERT INTO LichSuCanHo (ID_LichSuCanHo, CuDanSoHuu, ID_CanHo, NgayDangKySoHuu, NgayKetThucSoHuu) VALUES 
('LSC001', 'CD001', 'CH001','2020-01-15', '2030-01-15'),
('LSC002', 'CD002', 'CH002','2018-03-10', '2033-03-10'),
('LSC003', 'CD003', 'CH003','2021-09-20', '2036-09-20'),
('LSC004', 'CD004', 'CH004','2019-05-25', '2034-05-25'),
('LSC005', 'CD005', 'CH005','2020-10-01', '2035-10-01'),
('LSC006', 'CD006', 'CH006','2022-02-14', '2037-02-14'),
('LSC007', 'CD007', 'CH007','2017-11-30', '2032-11-30'),
('LSC008', 'CD008', 'CH008','2021-06-01', '2036-06-01'),
('LSC009', 'CD009', 'CH009','2022-07-15', '2037-07-15'),
('LSC010', 'CD010', 'CH010','2020-04-18', '2035-04-18'),
('LSC011', 'CD011', 'CH011','2018-09-05', '2033-09-05'),
('LSC012', 'CD012', 'CH012','2019-08-20', '2034-08-20'),
('LSC013', 'CD013', 'CH013','2021-03-17', '2036-03-17'),
('LSC014', 'CD014', 'CH014','2022-11-05', '2037-11-05'),
('LSC015', 'CD015', 'CH015','2020-06-25', '2035-06-25'),
('LSC016', 'CD016', 'CH016','2020-01-30', '2035-01-30'),
('LSC017', 'CD017', 'CH017','2017-04-10', '2032-04-10'),
('LSC018', 'CD018', 'CH018','2019-12-22', '2034-12-22'),
('LSC019', 'CD019', 'CH019','2021-09-11', '2036-09-11'),
('LSC020', 'CD020', 'CH020','2019-03-05', '2034-03-05'),
('LSC021', 'CD021', 'CH021','2021-10-05', '2036-10-05'),
('LSC022', 'CD022', 'CH022','2022-06-01', '2037-06-01'),
('LSC023', 'CD023', 'CH023','2020-09-22', '2035-09-22'),
('LSC024', 'CD024', 'CH024','2020-07-10', '2035-07-10'),
('LSC025', 'CD025', 'CH025','2020-11-15', '2035-11-15'),
('LSC026', 'CD026', 'CH026','2019-08-12', '2034-08-12'),
('LSC027', 'CD027', 'CH027','2020-01-18', '2035-01-18'),
('LSC028', 'CD028', 'CH028','2020-12-25', '2035-12-25'),
('LSC029', 'CD029', 'CH029','2018-02-05', '2033-02-05'),
('LSC030', 'CD030', 'CH030','2020-06-15', '2035-06-15'),
('LSC031', 'CD031', 'CH031','2019-07-10', '2034-07-10'),
('LSC032', 'CD032', 'CH032','2018-12-20', '2033-12-20'),
('LSC033', 'CD033', 'CH033','2020-05-05', '2035-05-05'),
('LSC034', 'CD034', 'CH034','2021-09-15', '2036-09-15'),
('LSC035', 'CD035', 'CH035','2017-10-10', '2032-10-10'),
('LSC036', 'CD036', 'CH036','2022-03-15', '2037-03-15'),
('LSC037', 'CD037', 'CH037','2020-01-10', '2035-01-10'),
('LSC038', 'CD038', 'CH038','2020-11-20', '2035-11-20'),
('LSC039', 'CD039', 'CH039','2021-02-15', '2036-02-15'),
('LSC040', 'CD040', 'CH040','2020-06-25', '2035-06-25'),
('LSC041', 'CD041', 'CH041','2018-05-10', '2033-05-10'),
('LSC042', 'CD042', 'CH042','2020-08-14', '2035-08-14'),
('LSC043', 'CD043', 'CH043','2022-04-22', '2037-04-22'),
('LSC044', 'CD044', 'CH044','2021-12-02', '2036-12-02'),
('LSC045', 'CD045', 'CH045','2020-10-11', '2035-10-11'),
('LSC046', 'CD046', 'CH046','2021-03-05', '2036-03-05'),
('LSC047', 'CD047', 'CH047','2022-01-17', '2037-01-17'),
('LSC048', 'CD048', 'CH048','2020-04-07', '2035-04-07'),
('LSC049', 'CD049', 'CH049','2018-07-20', '2033-07-20');

--Dữ liệu Khoản phí
INSERT INTO KhoanPhi (ID_KhoanPhi, TenKhoanPhi, DonGia, ChuKy, TrangThai) VALUES 
('KP001', N'Phí quản lý', 240000, N'Hàng tháng', N'Đang áp dụng'),
('KP002', N'Phí vệ sinh', 160000, N'Hàng tháng', N'Đang áp dụng'),
('KP003', N'Phí bảo vệ', 180000, N'Hàng tháng', N'Đang áp dụng'),
('KP004', N'Phí gửi xe máy', 20000, N'Hàng tháng', N'Đang áp dụng'),
('KP005', N'Phí gửi xe ô tô', 100000, N'Hàng tháng', N'Đang áp dụng'),
('KP006', N'Phí internet', 80000, N'Hàng tháng', N'Đang áp dụng'),
('KP007', N'Phí nước sinh hoạt', 60000, N'Hàng tháng', N'Đang áp dụng'),
('KP008', N'Phí rác thải', 40000, N'Hàng tháng', N'Đang áp dụng'),
('KP009', N'Phí bảo hiểm tòa nhà', 400000, N'Hàng năm', N'Đang áp dụng'),
('KP010', N'Phí chăm sóc cây xanh', 120000, N'Hàng tháng', N'Đang áp dụng'),
('KP011', N'Phí chiếu sáng công cộng', 80000, N'Hàng tháng', N'Đang áp dụng'),
('KP012', N'Phí thang máy', 160000, N'Hàng tháng', N'Đang áp dụng'),
('KP013', N'Phí bảo trì thang máy', 200000, N'Hàng năm', N'Đang áp dụng'),
('KP014', N'Phí xử lý nước thải', 140000, N'Hàng tháng', N'Đang áp dụng'),
('KP015', N'Phí lắp đặt camera an ninh', 1000000, N'Một lần', N'Đang áp dụng'),
('KP016', N'Phí thuê hội trường', 300000, N'Hàng tháng', N'Ngừng áp dụng'),
('KP017', N'Phí vệ sinh hành lang', 60000, N'Hàng tháng', N'Đang áp dụng'),
('KP018', N'Phí bảo hiểm cháy nổ', 600000, N'Hàng năm', N'Đang áp dụng'),
('KP019', N'Phí dịch vụ lễ tân', 240000, N'Hàng tháng', N'Đang áp dụng'),
('KP020', N'Phí lắp đặt thiết bị mới', 1400000, N'Một lần', N'Đang áp dụng'),
('KP021', N'Phí sử dụng hồ bơi', 200000, N'Hàng tháng', N'Đang áp dụng'),
('KP022', N'Phí bảo trì thiết bị công cộng', 360000, N'Hàng năm', N'Đang áp dụng'),
('KP023', N'Phí sửa chữa tòa nhà', 500000, N'Hàng tháng', N'Đang áp dụng'),
('KP024', N'Phí điện hành lang', 80000, N'Hàng tháng', N'Đang áp dụng'),
('KP025', N'Phí sử dụng sân tennis', 300000, N'Hàng tháng', N'Đang áp dụng'),
('KP026', N'Phí dọn tuyết', 120000, N'Hàng tháng', N'Đang áp dụng'),
('KP027', N'Phí dọn vệ sinh sân chung', 60000, N'Hàng tháng', N'Đang áp dụng'),
('KP028', N'Phí dọn vệ sinh nhà kho', 140000, N'Hàng tháng', N'Ngừng áp dụng'),
('KP029', N'Phí bảo trì cửa chính', 100000, N'Hàng năm', N'Đang áp dụng'),
('KP030', N'Phí dịch vụ hỗ trợ cư dân', 220000, N'Hàng tháng', N'Đang áp dụng'),
('KP031', N'Phí bảo trì bãi đỗ xe', 180000, N'Hàng năm', N'Đang áp dụng'),
('KP032', N'Phí thuê bãi đỗ xe', 260000, N'Hàng tháng', N'Đang áp dụng'),
('KP033', N'Phí sửa chữa mái nhà', 700000, N'Một lần', N'Đang áp dụng'),
('KP034', N'Phí sửa chữa đường nội bộ', 800000, N'Hàng tháng', N'Đang áp dụng'),
('KP035', N'Phí bảo trì hệ thống đèn', 160000, N'Hàng năm', N'Đang áp dụng'),
('KP036', N'Phí lắp đặt hệ thống báo cháy', 2000000, N'Một lần', N'Đang áp dụng'),
('KP037', N'Phí sử dụng dịch vụ spa', 240000, N'Hàng tháng', N'Đang áp dụng'),
('KP038', N'Phí bảo trì hệ thống nước', 400000, N'Hàng năm', N'Đang áp dụng'),
('KP039', N'Phí sử dụng sân cầu lông', 180000, N'Hàng tháng', N'Đang áp dụng'),
('KP040', N'Phí dọn dẹp sân thượng', 100000, N'Hàng tháng', N'Ngừng áp dụng'),
('KP041', N'Phí lắp đặt hệ thống thoát hiểm', 1600000, N'Một lần', N'Đang áp dụng'),
('KP042', N'Phí vệ sinh phòng gym', 60000, N'Hàng tháng', N'Đang áp dụng'),
('KP043', N'Phí sử dụng khu BBQ', 300000, N'Hàng tháng', N'Đang áp dụng'),
('KP044', N'Phí bảo trì hệ thống an ninh', 600000, N'Hàng năm', N'Đang áp dụng'),
('KP045', N'Phí xử lý môi trường', 500000, N'Hàng năm', N'Đang áp dụng'),
('KP046', N'Phí quản lý cư dân', 400000, N'Hàng năm', N'Đang áp dụng'),
('KP047', N'Phí sử dụng phòng họp', 200000, N'Hàng tháng', N'Đang áp dụng'),
('KP048', N'Phí bảo trì thiết bị chiếu sáng', 120000, N'Hàng năm', N'Đang áp dụng'),
('KP049', N'Phí hỗ trợ khẩn cấp', 440000, N'Hàng năm', N'Đang áp dụng');
--Dữ liệu Thống kê sử dụng 
INSERT INTO ThongKeSuDung (ID_ThongKe, ID_KhoanPhi, ID_CanHo, SoLuong, TrangThai) VALUES 
('TKP001', 'KP001', 'CH002', 1, N'Đang áp dụng'),
('TKP002', 'KP002', 'CH002', 1, N'Đang áp dụng'),
('TKP003', 'KP003', 'CH002', 1, N'Đang áp dụng'),
('TKP004', 'KP004', 'CH002', 1, N'Đang áp dụng'),
('TKP005', 'KP005', 'CH002', 1, N'Đang áp dụng'),
('TKP006', 'KP006', 'CH003', 1, N'Đang áp dụng'),
('TKP007', 'KP007', 'CH003', 1, N'Đang áp dụng'),
('TKP008', 'KP008', 'CH003', 1, N'Đang áp dụng'),
('TKP009', 'KP009', 'CH005', 1, N'Đang áp dụng'),
('TKP010', 'KP010', 'CH005', 1, N'Đang áp dụng'),
('TKP011', 'KP011', 'CH005', 1, N'Đang áp dụng'),
('TKP012', 'KP012', 'CH006', 1, N'Đang áp dụng'),
('TKP013', 'KP013', 'CH006', 1, N'Đang áp dụng'),
('TKP014', 'KP014', 'CH006', 1, N'Đang áp dụng'),
('TKP015', 'KP015', 'CH008', 3, N'Đang áp dụng'),
('TKP016', 'KP016', 'CH008', 1, N'Ngừng áp dụng'),
('TKP017', 'KP017', 'CH008', 1, N'Đang áp dụng'),
('TKP018', 'KP018', 'CH009', 1, N'Đang áp dụng'),
('TKP019', 'KP019', 'CH009', 1, N'Đang áp dụng'),
('TKP020', 'KP020', 'CH009', 3, N'Đang áp dụng'),
('TKP021', 'KP021', 'CH009', 1, N'Đang áp dụng'),
('TKP022', 'KP022', 'CH011', 1, N'Đang áp dụng'),
('TKP023', 'KP023', 'CH011', 1, N'Đang áp dụng'),
('TKP024', 'KP024', 'CH011', 1, N'Đang áp dụng'),
('TKP025', 'KP025', 'CH011', 1, N'Đang áp dụng'),
('TKP026', 'KP026', 'CH013', 1, N'Đang áp dụng'),
('TKP027', 'KP027', 'CH013', 1, N'Đang áp dụng'),
('TKP028', 'KP028', 'CH015', 1, N'Ngừng áp dụng'),
('TKP029', 'KP029', 'CH015', 1, N'Đang áp dụng'),
('TKP030', 'KP030', 'CH015', 1, N'Đang áp dụng'),
('TKP031', 'KP031', 'CH015', 1, N'Đang áp dụng'),
('TKP032', 'KP032', 'CH016', 1, N'Đang áp dụng'),
('TKP033', 'KP033', 'CH016', 2, N'Đang áp dụng'),
('TKP034', 'KP034', 'CH018', 1, N'Đang áp dụng'),
('TKP035', 'KP035', 'CH018', 1, N'Đang áp dụng'),
('TKP036', 'KP036', 'CH018', 1, N'Đang áp dụng'),
('TKP037', 'KP037', 'CH018', 1, N'Đang áp dụng'),
('TKP038', 'KP038', 'CH019', 1, N'Đang áp dụng'),
('TKP039', 'KP039', 'CH019', 1, N'Đang áp dụng'),
('TKP040', 'KP040', 'CH020', 1, N'Ngừng áp dụng'),
('TKP041', 'KP041', 'CH020', 1, N'Đang áp dụng'),
('TKP042', 'KP042', 'CH020', 1, N'Đang áp dụng'),
('TKP043', 'KP043', 'CH020', 1, N'Đang áp dụng'),
('TKP044', 'KP044', 'CH022', 1, N'Đang áp dụng'),
('TKP045', 'KP045', 'CH022', 1, N'Đang áp dụng'),
('TKP046', 'KP046', 'CH022', 1, N'Đang áp dụng'),
('TKP047', 'KP047', 'CH022', 1, N'Đang áp dụng'),
('TKP048', 'KP048', 'CH024', 1, N'Đang áp dụng'),
('TKP049', 'KP049', 'CH024', 1, N'Đang áp dụng'),
('TKP050', 'KP049', 'CH025', 1, N'Đang áp dụng'),
('TKP051', 'KP001', 'CH025', 1, N'Đang áp dụng'),
('TKP052', 'KP002', 'CH025', 1, N'Đang áp dụng'),
('TKP053', 'KP003', 'CH025', 1, N'Đang áp dụng'),
('TKP054', 'KP004', 'CH027', 1, N'Đang áp dụng'),
('TKP055', 'KP005', 'CH027', 1, N'Đang áp dụng'),
('TKP056', 'KP006', 'CH027', 1, N'Đang áp dụng'),
('TKP057', 'KP007', 'CH028', 1, N'Đang áp dụng'),
('TKP058', 'KP008', 'CH028', 1, N'Đang áp dụng'),
('TKP059', 'KP009', 'CH030', 1, N'Đang áp dụng'),
('TKP060', 'KP010', 'CH031', 1, N'Đang áp dụng'),
('TKP061', 'KP011', 'CH031', 1, N'Đang áp dụng'),
('TKP062', 'KP012', 'CH033', 1, N'Đang áp dụng'),
('TKP063', 'KP013', 'CH034', 1, N'Đang áp dụng'),
('TKP064', 'KP014', 'CH034', 1, N'Đang áp dụng'),
('TKP065', 'KP015', 'CH036', 1, N'Đang áp dụng'),
('TKP066', 'KP016', 'CH037', 1, N'Ngừng áp dụng'),
('TKP067', 'KP017', 'CH037', 1, N'Đang áp dụng'),
('TKP068', 'KP018', 'CH039', 1, N'Đang áp dụng'),
('TKP069', 'KP019', 'CH039', 1, N'Đang áp dụng'),
('TKP070', 'KP020', 'CH041', 1, N'Đang áp dụng'),
('TKP071', 'KP021', 'CH042', 1, N'Đang áp dụng'),
('TKP072', 'KP022', 'CH042', 1, N'Đang áp dụng'),
('TKP073', 'KP023', 'CH044', 1, N'Đang áp dụng'),
('TKP074', 'KP024', 'CH045', 1, N'Đang áp dụng'),
('TKP075', 'KP025', 'CH045', 1, N'Đang áp dụng'),
('TKP076', 'KP026', 'CH047', 1, N'Đang áp dụng'),
('TKP077', 'KP027', 'CH047', 1, N'Đang áp dụng'),
('TKP078', 'KP028', 'CH048', 1, N'Ngừng áp dụng'),
('TKP079', 'KP029', 'CH048', 1, N'Đang áp dụng'),
('TKP080', 'KP030', 'CH048', 1, N'Đang áp dụng'),
('TKP081', 'KP031', 'CH049', 1, N'Đang áp dụng'),
('TKP082', 'KP032', 'CH049', 1, N'Đang áp dụng'),
('TKP083', 'KP033', 'CH049', 1, N'Đang áp dụng');

-- Chèn dữ liệu vào bảng TienIch
INSERT INTO TienIch (ID_TienIch, TenTienIch, GioMo, GioDong, MoTa, GiaTien) VALUES 
('TI001', N'Bể bơi', '06:00', N'22:00', N'Bể bơi ngoài trời với độ sâu từ 1m-2m', 50000),
('TI002', N'Phòng gym', '05:00', N'23:00', N'Phòng gym hiện đại với đầy đủ thiết bị tập luyện', 100000),
('TI003', N'Sân tennis', '06:00', N'21:00', N'Sân tennis đạt tiêu chuẩn quốc tế', 200000),
('TI004', N'Phòng yoga', '07:00', N'20:00', N'Phòng tập yoga với hướng dẫn viên chuyên nghiệp', 150000),
('TI005', N'Phòng chiếu phim', '10:00', N'22:00', N'Phòng chiếu phim mini với màn hình 4K', 80000),
('TI006', N'Khu vui chơi trẻ em', '08:00', N'20:00', N'Khu vui chơi an toàn và thân thiện cho trẻ nhỏ', 50000),
('TI007', N'Khu BBQ', '10:00', N'22:00', N'Khu vực nướng BBQ ngoài trời', 100000),
('TI008', N'Sân bóng rổ', '06:00', N'21:00', N'Sân bóng rổ đạt tiêu chuẩn', 200000),
('TI009', N'Spa & Massage', '10:00', N'22:00', N'Dịch vụ spa thư giãn với các liệu pháp cao cấp', 300000),
('TI010', N'Phòng game', '09:00', N'23:00', N'Phòng giải trí với các trò chơi điện tử hiện đại', 150000),
('TI011', N'Sân cầu lông', '06:00', N'21:00', N'Sân cầu lông với chất lượng mặt sân cao', 100000),
('TI012', N'Phòng karaoke', '10:00', N'23:00', N'Phòng karaoke hiện đại với âm thanh chất lượng cao', 200000),
('TI013', N'Trung tâm thể thao đa năng', '06:00', N'22:00', N'Khu vực thể thao đa năng', 300000),
('TI014', N'Bãi đỗ xe', '24:00', N'24:00', N'Bãi đỗ xe có giám sát an ninh 24/7', 100000),
('TI015', N'Phòng hội nghị', '08:00', N'20:00', N'Phòng họp trang bị máy chiếu và âm thanh', 200000),
('TI016', N'Khu giặt là', '07:00', N'21:00', N'Dịch vụ giặt là tự động cho cư dân', 50000),
('TI017', N'Sân bóng đá mini', '06:00', N'21:00', N'Sân bóng đá mini dành cho cư dân', 250000);

-- Chèn dữ liệu vào bảng KhieuNai
INSERT INTO KhieuNai (ID_KhieuNai, NguoiGui, NguoiTiepNhan, NoiDung, NgayGui, TrangThai)
VALUES
('KN001', 'TK025', 'BQL005', N'Hệ thống nước sinh hoạt bị rò rỉ', '2024-11-01', N'Đã hoàn tất'),
('KN002', 'TK008', 'BQL010', N'Đèn hành lang tầng 5 không hoạt động', '2024-11-02', N'Đã hoàn tất'),
('KN003', 'TK040', 'BQL008', N'Nhà vệ sinh chung có mùi khó chịu', '2024-11-03', N'Đã hoàn tất'),
('KN004', 'TK024', 'BQL018', N'Hệ thống cửa ra vào không an toàn', '2024-11-04', N'Đã hoàn tất'),
('KN005', 'TK049', 'BQL018', N'Cây cối khu vực sân chơi cần cắt tỉa', '2024-11-05', N'Đã hoàn tất'),
('KN006', 'TK027', 'BQL014', N'Thang máy tầng 3 bị hỏng', '2024-11-06', N'Đã hoàn tất'),
('KN007', 'TK037', 'BQL015', N'Âm thanh từ quán cà phê gây ồn', '2024-11-07', N'Đã hoàn tất'),
('KN008', 'TK019', 'BQL001', N'Hệ thống PCCC không hoạt động', '2024-11-08', N'Đã hoàn tất'),
('KN009', 'TK017', 'BQL005', N'Vệ sinh không được đảm bảo', '2024-11-09', N'Đã hoàn tất'),
('KN010', 'TK003', 'BQL012', N'Đường đi bộ bị hư hỏng', '2024-11-10', N'Đã hoàn tất'),
('KN011', 'TK035', 'BQL016', N'Hệ thống nước nóng không hoạt động', '2024-11-11', N'Đã hoàn tất'),
('KN012', 'TK037', 'BQL014', N'Khu vực đỗ xe bị chiếm dụng', '2024-11-12', N'Đã hoàn tất'),
('KN013', 'TK006', 'BQL007', N'Thang máy thường xuyên báo lỗi', '2024-11-13', N'Đã hoàn tất'),
('KN014', 'TK035', 'BQL012', N'Đèn đường nội khu không đủ sáng', '2024-11-14', N'Đã hoàn tất'),
('KN015', 'TK019', 'BQL015', N'Nhân viên bảo vệ cư xử thiếu lịch sự', '2024-11-15', N'Đang xử lý'),
('KN016', 'TK011', 'BQL006', N'Hệ thống thoát nước bị tắc', '2024-11-16', N'Đã hoàn tất'),
('KN017', 'TK013', 'BQL015', N'Khu vực hành lang có rác thải', '2024-11-17', N'Đã hoàn tất'),
('KN018', 'TK049', 'BQL006', N'Đồng hồ điện bị sai số', '2024-11-18', N'Đã hoàn tất'),
('KN019', 'TK007', 'BQL018', N'Khu vực hồ bơi không an toàn', '2024-11-19', N'Đã hoàn tất'),
('KN020', 'TK014', 'BQL010', N'Hệ thống camera an ninh không hoạt động', '2024-11-20', N'Đã hoàn tất'),
('KN021', 'TK047', 'BQL008', N'Có tiếng ồn lớn từ tầng trên', '2024-11-21', N'Đã hoàn tất'),
('KN022', 'TK004', 'BQL020', N'Hệ thống quạt thông gió không hoạt động', '2024-11-22', N'Đang xử lý'),
('KN023', 'TK039', 'BQL008', N'Nhân viên bảo vệ làm việc thiếu trách nhiệm', '2024-11-23', N'Đang xử lý'),
('KN025', 'TK020', 'BQL011', N'Hệ thống cửa kính bị nứt', '2024-11-25', N'Đang xử lý'),
('KN026', 'TK032', 'BQL014', N'Có động vật hoang xuất hiện gần khu vực nhà', '2024-11-26', N'Đã hoàn tất'),
('KN027', 'TK044', 'BQL006', N'Thang máy không có điều hòa', '2024-11-27', N'Đã hoàn tất'),
('KN028', 'TK033', 'BQL006', N'Đường dây điện bị lộ ra ngoài', '2024-11-28', N'Đang xử lý'),
('KN029', 'TK001', 'BQL005', N'Hệ thống xử lý rác thải không hoạt động', '2024-11-29', N'Đã hoàn tất'),
('KN030', 'TK008', 'BQL013', N'Khu vực vui chơi trẻ em không an toàn', '2024-11-30', N'Đã hoàn tất'),
('KN031', 'TK004', NULL, N'Đèn chiếu sáng ngoài trời bị hỏng', '2024-12-01', N'Chờ phản hồi'),
('KN032', 'TK026', NULL, N'Nước khu vực hồ bơi không sạch', '2024-12-02', N'Chờ phản hồi'),
('KN033', 'TK041', NULL, N'Hệ thống thoát nước không hiệu quả', '2024-12-03', N'Chờ phản hồi'),
('KN034', 'TK025', NULL, N'Cửa ra vào tầng hầm bị hỏng', '2024-12-04', N'Chờ phản hồi'),
('KN035', 'TK031', NULL, N'Thang máy không có đèn chiếu sáng', '2024-12-05', N'Chờ phản hồi'),
('KN036', 'TK010', NULL, N'Khu vực BBQ có mùi hôi', '2024-12-06', N'Chờ phản hồi'),
('KN037', 'TK010', NULL, N'Âm thanh từ khu vực sửa chữa quá lớn', '2024-12-07', N'Chờ phản hồi'),
('KN038', 'TK038', NULL, N'Hệ thống wifi không ổn định', '2024-12-08', N'Chờ phản hồi'),
('KN039', 'TK013', NULL, N'Nhà vệ sinh công cộng bị hư', '2024-12-09', N'Chờ phản hồi'),
('KN040', 'TK014', NULL, N'Hệ thống khóa cửa bị kẹt', '2024-12-10', N'Chờ phản hồi'),
('KN041', 'TK010', NULL, N'Khu vực tập gym không được vệ sinh', '2024-12-11', N'Chờ phản hồi'),
('KN042', 'TK008', NULL, N'Thang máy không đủ tải trọng', '2024-12-12', N'Chờ phản hồi'),
('KN043', 'TK008', NULL, N'Cây xanh chắn lối đi', '2024-12-13', N'Chờ phản hồi'),
('KN044', 'TK038', NULL, N'Nhân viên lễ tân không hỗ trợ đúng cách', '2024-12-14', N'Chờ phản hồi'),
('KN045', 'TK033', NULL, N'Hệ thống nước bị nhiễm bẩn', '2024-12-15', N'Chờ phản hồi'),
('KN046', 'TK024', NULL, N'Phòng cộng đồng không được vệ sinh', '2024-12-16', N'Chờ phản hồi'),
('KN048', 'TK036', NULL, N'Hệ thống điều hòa bị rò rỉ nước', '2024-12-18', N'Chờ phản hồi'),
('KN049', 'TK006', NULL, N'Âm thanh quá lớn từ nhà hàng', '2024-12-19', N'Chờ phản hồi'),
('KN050', 'TK034', NULL, N'Nhân viên kỹ thuật không hỗ trợ kịp thời', '2024-12-20', N'Chờ phản hồi');

-- Chèn dữ liệu vào bảng PhanHoi
INSERT INTO PhanHoi (ID_PhanHoi, ID_KhieuNai, NoiDung, NgayGui)
VALUES
('PH001', 'KN001', N'Đã ghi nhận vấn đề nước rò rỉ, đội bảo trì sẽ kiểm tra.', '2024-12-06'),
('PH002', 'KN002', N'Đèn hành lang đã được sửa chữa xong.', '2024-10-27'),
('PH003', 'KN003', N'Vấn đề mùi khó chịu đã được thông báo cho đội vệ sinh.', '2024-12-07'),
('PH004', 'KN004', N'Đã gửi yêu cầu bảo trì để kiểm tra hệ thống cửa.', '2024-11-22'),
('PH005', 'KN005', N'Đã lên lịch cắt tỉa cây vào tuần tới.', '2024-10-18'),
('PH006', 'KN006', N'Đội kỹ thuật đang tiến hành kiểm tra thang máy.', '2024-11-20'),
('PH007', 'KN007', N'Vấn đề âm thanh đã được thông báo với quán cà phê.', '2024-12-09'),
('PH008', 'KN008', N'Hệ thống PCCC đã được kiểm tra và hoạt động bình thường.', '2024-10-03'),
('PH009', 'KN009', N'Đội vệ sinh sẽ cải thiện công tác vệ sinh khu vực.', '2024-12-05'),
('PH010', 'KN010', N'Sẽ tiến hành sửa chữa đường đi bộ trong tuần này.', '2024-11-27'),
('PH011', 'KN011', N'Hệ thống nước nóng đã được bảo trì.', '2024-09-17'),
('PH012', 'KN012', N'Cư dân vui lòng đỗ xe đúng quy định để đảm bảo an toàn.', '2024-12-08'),
('PH013', 'KN013', N'Đội kỹ thuật đang kiểm tra lỗi thường xuyên của thang máy.', '2024-11-21'),
('PH014', 'KN014', N'Đèn đường đã được thay mới.', '2024-10-08'),
('PH016', 'KN016', N'Đội bảo trì đang xử lý vấn đề thoát nước bị tắc.', '2024-11-12'),
('PH017', 'KN017', N'Khu vực hành lang đã được dọn dẹp sạch sẽ.', '2024-09-22'),
('PH018', 'KN018', N'Đồng hồ điện đã được kiểm tra và sửa chữa.', '2024-10-02'),
('PH019', 'KN019', N'Hồ bơi đã được kiểm tra, đảm bảo an toàn cho cư dân.', '2024-12-06'),
('PH020', 'KN020', N'Đội kỹ thuật đã khắc phục sự cố camera an ninh.', '2024-09-08'),
('PH021', 'KN021', N'Đã yêu cầu cư dân tầng trên giảm tiếng ồn.', '2024-12-10'),
('PH026', 'KN026', N'Đã liên hệ đơn vị xử lý động vật hoang dã để kiểm tra.', '2024-12-08'),
('PH027', 'KN027', N'Thang máy sẽ được lắp điều hòa trong tháng tới.', '2024-11-24'),
('PH029', 'KN029', N'Hệ thống xử lý rác thải đang được nâng cấp.', '2024-12-02'),
('PH030', 'KN030', N'Khu vực vui chơi đã được cải thiện an toàn.', '2024-09-18');

-- Chèn dữ liệu vào bảng The
INSERT INTO The (ID_The, ID_CanHo, TinhTrang, LoaiThe, LoaiXe, BienSoXe)
VALUES 
('T001', 'CH001', N'Đang sử dụng', N'Thẻ thang máy', NULL, NULL),
('T002', 'CH001', N'Đang sử dụng', N'Thẻ nhà', NULL, NULL),
('T003', 'CH001', N'Đang sử dụng', N'Thẻ xe', N'Xe máy', '59A1-12345'),
('T004', 'CH002', N'Đang sử dụng', N'Thẻ thang máy', NULL, NULL),
('T005', 'CH002', N'Đang sử dụng', N'Thẻ nhà', NULL, NULL),
('T006', 'CH002', N'Đang sử dụng', N'Thẻ xe', N'Ô tô', '30F-67890'),
('T007', 'CH003', N'Đang sử dụng', N'Thẻ thang máy', NULL, NULL),
('T008', 'CH003', N'Đang sử dụng', N'Thẻ nhà', NULL, NULL),
('T009', 'CH003', N'Đang sử dụng', N'Thẻ xe', N'Xe máy', '92C1-23456'),
('T010', 'CH004', N'Đang sử dụng', N'Thẻ thang máy', NULL, NULL),
('T011', 'CH004', N'Bị khóa', N'Thẻ nhà', NULL, NULL),
('T012', 'CH004', N'Đang sử dụng', N'Thẻ xe', N'Xe máy', '43D1-34567'),
('T013', 'CH005', N'Đang sử dụng', N'Thẻ thang máy', NULL, NULL),
('T014', 'CH005', N'Đang sử dụng', N'Thẻ nhà', NULL, NULL),
('T015', 'CH005', N'Đang sử dụng', N'Thẻ xe', N'Ô tô', '51G-56789'),
('T016', 'CH006', N'Bị khóa', N'Thẻ thang máy', NULL, NULL),
('T017', 'CH006', N'Đang sử dụng', N'Thẻ nhà', NULL, NULL),
('T018', 'CH006', N'Đang sử dụng', N'Thẻ xe', N'Xe máy', '29H1-67890'),
('T019', 'CH007', N'Đang sử dụng', N'Thẻ thang máy', NULL, NULL),
('T020', 'CH007', N'Đang sử dụng', N'Thẻ nhà', NULL, NULL),
('T021', 'CH007', N'Bị khóa', N'Thẻ xe', N'Xe máy', '64B1-12345'),
('T022', 'CH008', N'Đang sử dụng', N'Thẻ thang máy', NULL, NULL),
('T023', 'CH008', N'Đang sử dụng', N'Thẻ nhà', NULL, NULL),
('T024', 'CH008', N'Đang sử dụng', N'Thẻ xe', N'Ô tô', '37C-23456'),
('T025', 'CH009', N'Đang sử dụng', N'Thẻ thang máy', NULL, NULL),
('T026', 'CH009', N'Bị khóa', N'Thẻ nhà', NULL, NULL),
('T027', 'CH009', N'Đang sử dụng', N'Thẻ xe', N'Xe máy', '78F1-34567'),
('T028', 'CH010', N'Đang sử dụng', N'Thẻ thang máy', NULL, NULL),
('T029', 'CH010', N'Đang sử dụng', N'Thẻ nhà', NULL, NULL),
('T030', 'CH010', N'Đang sử dụng', N'Thẻ xe', N'Ô tô', '20D-45678'),
('T031', 'CH011', N'Bị khóa', N'Thẻ thang máy', NULL, NULL),
('T032', 'CH011', N'Đang sử dụng', N'Thẻ nhà', NULL, NULL),
('T033', 'CH011', N'Đang sử dụng', N'Thẻ xe', N'Xe máy', '36B1-56789'),
('T034', 'CH012', N'Đang sử dụng', N'Thẻ thang máy', NULL, NULL),
('T035', 'CH012', N'Đang sử dụng', N'Thẻ nhà', NULL, NULL),
('T036', 'CH012', N'Đang sử dụng', N'Thẻ xe', N'Ô tô', '29D-67890'),
('T037', 'CH013', N'Đang sử dụng', N'Thẻ thang máy', NULL, NULL),
('T038', 'CH013', N'Đang sử dụng', N'Thẻ nhà', NULL, NULL),
('T039', 'CH013', N'Đang sử dụng', N'Thẻ xe', N'Xe máy', '62C1-12345'),
('T040', 'CH014', N'Đang sử dụng', N'Thẻ thang máy', NULL, NULL),
('T041', 'CH014', N'Bị khóa', N'Thẻ nhà', NULL, NULL),
('T042', 'CH014', N'Đang sử dụng', N'Thẻ xe', N'Ô tô', '88A-23456'),
('T043', 'CH015', N'Đang sử dụng', N'Thẻ thang máy', NULL, NULL),
('T044', 'CH015', N'Đang sử dụng', N'Thẻ nhà', NULL, NULL),
('T045', 'CH015', N'Đang sử dụng', N'Thẻ xe', N'Xe máy', '51B1-34567'),
('T046', 'CH016', N'Bị khóa', N'Thẻ thang máy', NULL, NULL),
('T047', 'CH016', N'Đang sử dụng', N'Thẻ nhà', NULL, NULL),
('T048', 'CH016', N'Đang sử dụng', N'Thẻ xe', N'Ô tô', '28F-45678'),
('T049', 'CH017', N'Đang sử dụng', N'Thẻ thang máy', NULL, NULL),
('T050', 'CH017', N'Đang sử dụng', N'Thẻ nhà', NULL, NULL),
('T051', 'CH017', N'Bị khóa', N'Thẻ xe', N'Xe máy', '75C1-56789'),
('T052', 'CH018', N'Đang sử dụng', N'Thẻ thang máy', NULL, NULL),
('T053', 'CH018', N'Đang sử dụng', N'Thẻ nhà', NULL, NULL),
('T054', 'CH018', N'Đang sử dụng', N'Thẻ xe', N'Ô tô', '10H-67890'),
('T055', 'CH019', N'Đang sử dụng', N'Thẻ thang máy', NULL, NULL),
('T056', 'CH019', N'Bị khóa', N'Thẻ nhà', NULL, NULL),
('T057', 'CH019', N'Đang sử dụng', N'Thẻ xe', N'Xe máy', '66D1-12345'),
('T058', 'CH020', N'Đang sử dụng', N'Thẻ thang máy', NULL, NULL),
('T059', 'CH020', N'Đang sử dụng', N'Thẻ nhà', NULL, NULL),
('T060', 'CH020', N'Đang sử dụng', N'Thẻ xe', N'Ô tô', '99A-23456'),
('T061', 'CH021', N'Đang sử dụng', N'Thẻ thang máy', NULL, NULL),
('T062', 'CH021', N'Đang sử dụng', N'Thẻ nhà', NULL, NULL),
('T063', 'CH021', N'Đang sử dụng', N'Thẻ xe', N'Xe máy', '52B1-34567'),
('T064', 'CH022', N'Đang sử dụng', N'Thẻ thang máy', NULL, NULL),
('T065', 'CH022', N'Đang sử dụng', N'Thẻ nhà', NULL, NULL),
('T066', 'CH022', N'Đang sử dụng', N'Thẻ xe', N'Ô tô', '0,00E+00'),
('T067', 'CH023', N'Đang sử dụng', N'Thẻ thang máy', NULL, NULL),
('T068', 'CH023', N'Đang sử dụng', N'Thẻ nhà', NULL, NULL),
('T069', 'CH023', N'Đang sử dụng', N'Thẻ xe', N'Ô tô', '78G-23456'),
('T070', 'CH024', N'Đang sử dụng', N'Thẻ thang máy', NULL, NULL),
('T071', 'CH024', N'Đang sử dụng', N'Thẻ nhà', NULL, NULL),
('T072', 'CH024', N'Bị khóa', N'Thẻ xe', N'Xe máy', '84E1-34567'),
('T073', 'CH025', N'Đang sử dụng', N'Thẻ thang máy', NULL, NULL),
('T074', 'CH025', N'Đang sử dụng', N'Thẻ nhà', NULL, NULL),
('T075', 'CH025', N'Đang sử dụng', N'Thẻ xe', N'Xe máy', '43F1-12345'),
('T076', 'CH026', N'Đang sử dụng', N'Thẻ thang máy', NULL, NULL),
('T077', 'CH026', N'Đang sử dụng', N'Thẻ nhà', NULL, NULL),
('T078', 'CH026', N'Đang sử dụng', N'Thẻ xe', N'Ô tô', '99C-23456'),
('T079', 'CH027', N'Bị khóa', N'Thẻ thang máy', NULL, NULL),
('T080', 'CH027', N'Đang sử dụng', N'Thẻ nhà', NULL, NULL),
('T081', 'CH027', N'Đang sử dụng', N'Thẻ xe', N'Xe máy', '87B1-34567'),
('T082', 'CH028', N'Đang sử dụng', N'Thẻ thang máy', NULL, NULL),
('T083', 'CH028', N'Đang sử dụng', N'Thẻ nhà', NULL, NULL),
('T084', 'CH028', N'Đang sử dụng', N'Thẻ xe', N'Ô tô', '51H-45678'),
('T085', 'CH029', N'Đang sử dụng', N'Thẻ thang máy', NULL, NULL),
('T086', 'CH029', N'Đang sử dụng', N'Thẻ nhà', NULL, NULL),
('T087', 'CH029', N'Đang sử dụng', N'Thẻ xe', N'Xe máy', '62F1-56789'),
('T088', 'CH030', N'Bị khóa', N'Thẻ thang máy', NULL, NULL),
('T089', 'CH030', N'Đang sử dụng', N'Thẻ nhà', NULL, NULL),
('T090', 'CH030', N'Đang sử dụng', N'Thẻ xe', N'Ô tô', '20G-67890'),
('T091', 'CH031', N'Đang sử dụng', N'Thẻ thang máy', NULL, NULL),
('T092', 'CH031', N'Đang sử dụng', N'Thẻ nhà', NULL, NULL),
('T093', 'CH031', N'Bị khóa', N'Thẻ xe', N'Xe máy', '59A1-56789'),
('T094', 'CH032', N'Đang sử dụng', N'Thẻ thang máy', NULL, NULL),
('T095', 'CH032', N'Đang sử dụng', N'Thẻ nhà', NULL, NULL),
('T096', 'CH032', N'Đang sử dụng', N'Thẻ xe', N'Ô tô', '50C-67890'),
('T097', 'CH033', N'Đang sử dụng', N'Thẻ thang máy', NULL, NULL),
('T098', 'CH033', N'Đang sử dụng', N'Thẻ nhà', NULL, NULL),
('T099', 'CH033', N'Đang sử dụng', N'Thẻ xe', N'Xe máy', '29B1-12345'),
('T100', 'CH034', N'Đang sử dụng', N'Thẻ thang máy', NULL, NULL);

-- Chèn dữ liệu vào bảng LichDangKyTienIch
INSERT INTO LichDangKyTienIch (ID_DangKy, ID_TaiKhoan, ID_TienIch, GioBatDau, GioKetThuc, NgayDangKy, TongTien)
VALUES
('DK001', 'TK035', 'TI001', '06:30:00', '08:30:00', '2024-11-20', 100000),
('DK002', 'TK047', 'TI002', '07:00:00', '09:00:00', '2024-11-21', 200000),
('DK003', 'TK012', 'TI003', '16:00:00', '18:00:00', '2024-11-22', 200000),
('DK004', 'TK049', 'TI004', '10:00:00', '12:00:00', '2024-11-23', 150000),
('DK005', 'TK013', 'TI006', '20:00:00', '22:00:00', '2024-11-24', 50000),
('DK006', 'TK017', 'TI007', '09:00:00', '11:00:00', '2024-11-25', 100000),
('DK007', 'TK042', 'TI008', '18:00:00', '21:00:00', '2024-11-26', 200000),
('DK008', 'TK042', 'TI010', '15:00:00', '17:00:00', '2024-11-27', 150000),
('DK009', 'TK034', 'TI011', '14:00:00', '16:00:00', '2024-11-28', 100000),
('DK010', 'TK020', 'TI012', '19:00:00', '22:00:00', '2024-11-29', 200000),
('DK011', 'TK024', 'TI013', '06:30:00', '08:30:00', '2024-11-30', 300000),
('DK012', 'TK039', 'TI017', '20:00:00', '22:00:00', '2024-12-01', 250000),
('DK013', 'TK025', 'TI001', '08:00:00', '10:00:00', '2024-12-02', 100000),
('DK014', 'TK037', 'TI002', '00:00:00', '06:00:00', '2024-12-03', 200000),
('DK015', 'TK035', 'TI003', '14:00:00', '16:00:00', '2024-12-04', 200000),
('DK016', 'TK036', 'TI004', '10:00:00', '12:00:00', '2024-12-05', 150000),
('DK017', 'TK022', 'TI006', '16:00:00', '18:00:00', '2024-12-06', 50000),
('DK018', 'TK021', 'TI007', '08:00:00', '10:00:00', '2024-12-07', 100000),
('DK019', 'TK047', 'TI008', '18:00:00', '20:00:00', '2024-12-08', 200000),
('DK020', 'TK005', 'TI010', '06:00:00', '08:00:00', '2024-12-09', 150000),
('DK021', 'TK035', 'TI011', '09:00:00', '11:00:00', '2024-12-10', 100000),
('DK022', 'TK048', 'TI012', '20:00:00', '22:00:00', '2024-12-11', 200000),
('DK023', 'TK018', 'TI013', '15:00:00', '17:00:00', '2024-12-12', 300000),
('DK024', 'TK001', 'TI017', '17:00:00', '20:00:00', '2024-12-13', 250000),
('DK025', 'TK020', 'TI001', '18:00:00', '20:00:00', '2024-12-14', 100000),
('DK026', 'TK002', 'TI002', '13:00:00', '15:00:00', '2024-12-15', 200000),
('DK027', 'TK041', 'TI003', '18:00:00', '21:00:00', '2024-12-16', 200000),
('DK028', 'TK035', 'TI004', '07:00:00', '09:00:00', '2024-12-17', 150000),
('DK029', 'TK039', 'TI006', '21:00:00', '23:00:00', '2024-12-18', 50000),
('DK030', 'TK025', 'TI007', '06:00:00', '08:00:00', '2024-12-19', 100000),
('DK031', 'TK020', 'TI008', '18:00:00', '22:00:00', '2024-12-20', 200000),
('DK032', 'TK011', 'TI010', '12:00:00', '14:00:00', '2024-12-21', 150000),
('DK033', 'TK037', 'TI011', '13:00:00', '15:00:00', '2024-12-22', 100000),
('DK034', 'TK031', 'TI012', '19:00:00', '21:00:00', '2024-12-23', 200000),
('DK035', 'TK046', 'TI013', '09:00:00', '11:00:00', '2024-12-24', 300000),
('DK036', 'TK019', 'TI001', '05:00:00', '07:00:00', '2024-12-25', 100000),
('DK037', 'TK044', 'TI002', '17:00:00', '19:00:00', '2024-12-26', 200000),
('DK038', 'TK001', 'TI003', '10:30:00', '12:30:00', '2024-12-27', 200000),
('DK039', 'TK021', 'TI004', '20:00:00', '22:00:00', '2024-12-28', 150000),
('DK040', 'TK049', 'TI006', '08:00:00', '10:00:00', '2024-12-29', 50000);

-- Chèn dữ liệu vào bảng ThongBao
INSERT INTO ThongBao (ID_ThongBao, NguoiGui, TieuDe, NoiDung, NgayGui, TrangThai)
VALUES
('TB001', 'BQL010', N'Cập nhật lịch cúp điện', N'Quý cư dân lưu ý, sẽ có lịch cúp điện từ 08:00 - 12:00 ngày 2024-12-01.', '2024-11-28', N'Đã gửi'),
('TB002', 'BQL020', N'Thanh toán phí quản lý', N'Quý cư dân vui lòng hoàn thành thanh toán phí quản lý tháng 12 trước ngày 2024-12-10.', '2024-11-26', N'Đã gửi'),
('TB003', 'BQL015', N'Họp cư dân tháng 12', N'Trân trọng mời quý cư dân tham dự cuộc họp vào lúc 19:00 ngày 2024-12-05 tại phòng hội nghị.', '2024-11-27', N'Đã gửi'),
('TB004', 'BQL003', N'Thông báo bảo trì thang máy', N'Thang máy số 2 sẽ được bảo trì từ ngày 2024-12-02 đến 2024-12-04. Mong quý cư dân thông cảm.', '2024-11-28', N'Đã gửi'),
('TB005', 'BQL011', N'Nhắc nhở giữ vệ sinh chung', N'Quý cư dân vui lòng giữ gìn vệ sinh chung tại hành lang và khu vực chung cư.', '2024-11-29', N'Đã gửi'),
('TB006', 'BQL020', N'Thông báo phòng cháy chữa cháy', N'Sẽ có buổi diễn tập PCCC vào ngày 2024-12-03. Quý cư dân vui lòng tham gia đầy đủ.', '2024-12-01', N'Đã gửi'),
('TB007', 'BQL004', N'Lịch mở rộng khu vui chơi', N'Khu vui chơi trẻ em sẽ được mở rộng từ ngày 2024-12-10 đến 2024-12-20.', '2024-11-30', N'Đã gửi'),
('TB008', 'BQL012', N'Khuyến mãi dịch vụ Spa', N'Quý cư dân sẽ được giảm giá 20% dịch vụ spa trong tháng 12.', '2024-11-30', N'Đã gửi'),
('TB009', 'BQL017', N'Thay đổi quy định đỗ xe', N'Bãi đỗ xe tầng hầm sẽ thay đổi khu vực đỗ từ ngày 2024-12-05.', '2024-11-30', N'Đã gửi'),
('TB010', 'BQL006', N'Hướng dẫn đăng ký tiện ích', N'Quý cư dân vui lòng đăng ký sử dụng tiện ích qua ứng dụng quản lý chung cư.', '2024-11-30', N'Đã gửi'),
('TB011', 'BQL007', N'Sự cố nước tại tầng 3', N'Hệ thống cấp nước tầng 3 sẽ bị gián đoạn từ 09:00 - 17:00 ngày 2024-12-02.', '2024-11-30', N'Đã gửi'),
('TB012', 'BQL002', N'Cập nhật nội quy mới', N'Quý cư dân vui lòng cập nhật nội quy mới áp dụng từ ngày 2024-12-01.', '2024-11-30', N'Đã gửi'),
('TB013', 'BQL004', N'Giới thiệu dịch vụ mới', N'Phòng karaoke sẽ được đưa vào hoạt động từ ngày 2024-12-15.', '2024-11-30', N'Đã gửi'),
('TB014', 'BQL010', N'Cảnh báo an ninh', N'Quý cư dân chú ý kiểm tra cửa ra vào và hệ thống an ninh trước khi ra khỏi nhà.', '2024-11-30', N'Đã gửi'),
('TB015', 'BQL013', N'Lễ hội Giáng Sinh', N'Mời quý cư dân tham gia lễ hội Giáng Sinh vào lúc 18:00 ngày 2024-12-24 tại khu vực BBQ.', '2024-12-02', N'Đã lên lịch gửi'),
('TB016', 'BQL011', N'Cập nhật phí dịch vụ', N'Quý cư dân vui lòng xem thông báo cập nhật phí dịch vụ năm 2025 tại sảnh chính.', '2024-12-03', N'Đã lên lịch gửi'),
('TB017', 'BQL006', N'Thông báo sự cố thang máy', N'Thang máy số 3 tạm ngừng hoạt động từ 2024-12-02 để kiểm tra kỹ thuật.', '2024-12-04', N'Đã lên lịch gửi'),
('TB018', 'BQL006', N'Thông báo vệ sinh bể bơi', N'Bể bơi sẽ được vệ sinh định kỳ vào ngày 2024-12-04. Tạm ngừng hoạt động từ 06:00 - 12:00.', '2024-12-05', N'Đã lên lịch gửi'),
('TB019', 'BQL002', N'Chương trình tri ân cư dân', N'Quý cư dân tham dự chương trình tri ân tại sảnh chính vào ngày 2024-12-10.', '2024-12-06', N'Đã lên lịch gửi'),
('TB020', 'BQL013', N'Quy định mới về sử dụng sân tennis', N'Quý cư dân vui lòng đặt lịch trước khi sử dụng sân tennis từ ngày 2024-12-05.', '2024-12-07', N'Đã lên lịch gửi');

-- Chèn dữ liệu vào bảng ChiTietThongBao
INSERT INTO ChiTietThongBao (ID_ChiTietThongBao, NguoiNhan, ID_ThongBao, ThoiGianXem, TrangThai)
VALUES
('TT01', 'TK018', 'TB011', '2024-12-02 09:00', N'Đã xem'),
('TT02', 'TK004', 'TB012', '2024-12-03 10:00', N'Đã xem'),
('TT03', 'TK043', 'TB013', NULL, N'Chưa xem'),
('TT04', 'TK029', 'TB014', '2024-12-04 15:30', N'Đã xem'),
('TT05', 'TK019', 'TB015', NULL, N'Chưa xem'),
('TT06', 'TK046', 'TB016', NULL, N'Chưa xem'),
('TT07', 'TK016', 'TB017', '2024-12-05 16:00', N'Đã xem'),
('TT08', 'TK001', 'TB018', '2024-12-05 12:30', N'Đã xem'),
('TT09', 'TK038', 'TB019', NULL, N'Chưa xem'),
('TT10', 'TK002', 'TB020', NULL, N'Chưa xem'),
('TT11', 'TK042', 'TB001', '2024-12-01 08:15', N'Đã xem'),
('TT12', 'TK012', 'TB002', '2024-12-02 09:30', N'Đã xem'),
('TT13', 'TK005', 'TB003', NULL, N'Chưa xem'),
('TT14', 'TK023', 'TB004', NULL, N'Chưa xem'),
('TT15', 'TK004', 'TB005', '2024-12-03 11:00', N'Đã xem'),
('TT16', 'TK031', 'TB006', NULL, N'Chưa xem'),
('TT17', 'TK005', 'TB007', '2024-12-04 17:00', N'Đã xem'),
('TT18', 'TK001', 'TB008', NULL, N'Chưa xem'),
('TT19', 'TK035', 'TB009', NULL, N'Chưa xem'),
('TT20', 'TK005', 'TB010', '2024-12-05 08:45', N'Đã xem');